Id,Category
image_00028.jpg,77
image_00059.jpg,77
image_00061.jpg,77
image_00063.jpg,77
image_00071.jpg,77
image_00072.jpg,77
image_00078.jpg,77
image_00081.jpg,77
image_00104.jpg,77
image_00112.jpg,77
image_00137.jpg,77
image_00143.jpg,77
image_00160.jpg,77
image_00174.jpg,77
image_00178.jpg,77
image_00188.jpg,77
image_00200.jpg,77
image_00218.jpg,77
image_00231.jpg,77
image_00245.jpg,77
image_00246.jpg,77
image_00275.jpg,73
image_00280.jpg,73
image_00295.jpg,73
image_00302.jpg,73
image_00329.jpg,78
image_00352.jpg,73
image_00354.jpg,73
image_00356.jpg,73
image_00366.jpg,73
image_00378.jpg,73
image_00381.jpg,73
image_00402.jpg,73
image_00415.jpg,73
image_00421.jpg,73
image_00424.jpg,73
image_00432.jpg,73
image_00436.jpg,73
image_00440.jpg,73
image_00442.jpg,73
image_00459.jpg,89
image_00461.jpg,89
image_00489.jpg,89
image_00502.jpg,89
image_00508.jpg,89
image_00509.jpg,82
image_00512.jpg,89
image_00516.jpg,89
image_00518.jpg,89
image_00531.jpg,89
image_00533.jpg,89
image_00539.jpg,89
image_00542.jpg,89
image_00544.jpg,89
image_00545.jpg,89
image_00546.jpg,89
image_00547.jpg,89
image_00554.jpg,89
image_00556.jpg,89
image_00574.jpg,89
image_00577.jpg,89
image_00585.jpg,89
image_00593.jpg,89
image_00595.jpg,89
image_00597.jpg,89
image_00623.jpg,90
image_00624.jpg,90
image_00627.jpg,90
image_00640.jpg,90
image_00652.jpg,90
image_00691.jpg,90
image_00692.jpg,90
image_00696.jpg,90
image_00730.jpg,90
image_00741.jpg,90
image_00746.jpg,90
image_00749.jpg,90
image_00752.jpg,90
image_00759.jpg,90
image_00763.jpg,90
image_00764.jpg,90
image_00784.jpg,82
image_00809.jpg,82
image_00820.jpg,82
image_00848.jpg,82
image_00853.jpg,82
image_00859.jpg,82
image_00860.jpg,82
image_00863.jpg,82
image_00892.jpg,82
image_00893.jpg,82
image_00895.jpg,82
image_00896.jpg,82
image_00903.jpg,82
image_00904.jpg,82
image_00909.jpg,82
image_00914.jpg,82
image_00919.jpg,82
image_00920.jpg,82
image_00949.jpg,43
image_00977.jpg,43
image_00983.jpg,54
image_01029.jpg,43
image_01030.jpg,43
image_01034.jpg,43
image_01040.jpg,43
image_01047.jpg,43
image_01050.jpg,43
image_01065.jpg,43
image_01076.jpg,43
image_01086.jpg,43
image_01095.jpg,43
image_01100.jpg,43
image_01129.jpg,43
image_01132.jpg,43
image_01138.jpg,43
image_01142.jpg,28
image_01149.jpg,74
image_01157.jpg,74
image_01175.jpg,74
image_01190.jpg,74
image_01192.jpg,74
image_01222.jpg,74
image_01244.jpg,74
image_01251.jpg,35
image_01260.jpg,74
image_01264.jpg,74
image_01266.jpg,89
image_01271.jpg,74
image_01288.jpg,74
image_01294.jpg,74
image_01310.jpg,74
image_01315.jpg,49
image_01322.jpg,49
image_01326.jpg,49
image_01346.jpg,49
image_01352.jpg,49
image_01354.jpg,49
image_01363.jpg,92
image_01389.jpg,49
image_01391.jpg,49
image_01414.jpg,49
image_01419.jpg,49
image_01425.jpg,49
image_01439.jpg,49
image_01459.jpg,49
image_01469.jpg,49
image_01473.jpg,49
image_01491.jpg,41
image_01494.jpg,41
image_01500.jpg,41
image_01510.jpg,41
image_01540.jpg,41
image_01569.jpg,41
image_01570.jpg,41
image_01573.jpg,41
image_01579.jpg,41
image_01592.jpg,83
image_01596.jpg,83
image_01625.jpg,83
image_01640.jpg,83
image_01643.jpg,83
image_01649.jpg,83
image_01658.jpg,83
image_01659.jpg,83
image_01671.jpg,83
image_01683.jpg,83
image_01690.jpg,83
image_01691.jpg,83
image_01693.jpg,83
image_01697.jpg,84
image_01701.jpg,84
image_01703.jpg,84
image_01712.jpg,84
image_01739.jpg,84
image_01747.jpg,84
image_01765.jpg,84
image_01766.jpg,84
image_01769.jpg,84
image_01780.jpg,84
image_01787.jpg,84
image_01811.jpg,30
image_01817.jpg,84
image_01844.jpg,78
image_01862.jpg,78
image_01894.jpg,78
image_01910.jpg,78
image_01914.jpg,78
image_01922.jpg,78
image_01929.jpg,78
image_01937.jpg,78
image_01938.jpg,78
image_01944.jpg,78
image_01962.jpg,78
image_01972.jpg,81
image_01975.jpg,81
image_01979.jpg,81
image_01989.jpg,81
image_01991.jpg,81
image_01992.jpg,81
image_02005.jpg,81
image_02011.jpg,81
image_02017.jpg,78
image_02021.jpg,81
image_02042.jpg,81
image_02050.jpg,81
image_02074.jpg,75
image_02081.jpg,75
image_02100.jpg,75
image_02104.jpg,75
image_02130.jpg,75
image_02133.jpg,75
image_02141.jpg,75
image_02147.jpg,75
image_02152.jpg,75
image_02155.jpg,75
image_02178.jpg,75
image_02182.jpg,75
image_02198.jpg,38
image_02199.jpg,38
image_02201.jpg,38
image_02205.jpg,38
image_02219.jpg,38
image_02231.jpg,38
image_02232.jpg,38
image_02247.jpg,38
image_02248.jpg,38
image_02258.jpg,38
image_02259.jpg,38
image_02260.jpg,38
image_02268.jpg,38
image_02276.jpg,38
image_02278.jpg,38
image_02297.jpg,38
image_02330.jpg,40
image_02336.jpg,40
image_02345.jpg,40
image_02355.jpg,40
image_02368.jpg,40
image_02389.jpg,40
image_02397.jpg,40
image_02407.jpg,40
image_02414.jpg,39
image_02419.jpg,95
image_02421.jpg,40
image_02425.jpg,39
image_02429.jpg,40
image_02443.jpg,40
image_02446.jpg,76
image_02456.jpg,76
image_02457.jpg,76
image_02458.jpg,49
image_02467.jpg,76
image_02475.jpg,76
image_02481.jpg,76
image_02485.jpg,76
image_02494.jpg,76
image_02496.jpg,76
image_02501.jpg,76
image_02504.jpg,76
image_02512.jpg,76
image_02513.jpg,76
image_02514.jpg,76
image_02523.jpg,76
image_02525.jpg,76
image_02529.jpg,76
image_02530.jpg,76
image_02537.jpg,76
image_02567.jpg,85
image_02574.jpg,85
image_02582.jpg,66
image_02591.jpg,85
image_02598.jpg,85
image_02604.jpg,85
image_02610.jpg,85
image_02621.jpg,85
image_02635.jpg,85
image_02637.jpg,85
image_02642.jpg,56
image_02649.jpg,56
image_02653.jpg,56
image_02656.jpg,56
image_02675.jpg,56
image_02676.jpg,56
image_02690.jpg,56
image_02691.jpg,56
image_02700.jpg,56
image_02705.jpg,56
image_02726.jpg,56
image_02734.jpg,56
image_02741.jpg,56
image_02742.jpg,56
image_02769.jpg,54
image_02771.jpg,54
image_02773.jpg,54
image_02788.jpg,54
image_02792.jpg,54
image_02805.jpg,54
image_02849.jpg,54
image_02857.jpg,54
image_02858.jpg,54
image_02887.jpg,87
image_02891.jpg,87
image_02901.jpg,87
image_02906.jpg,87
image_02909.jpg,87
image_02923.jpg,59
image_02928.jpg,59
image_02936.jpg,59
image_02937.jpg,59
image_02948.jpg,59
image_02959.jpg,59
image_02961.jpg,59
image_02974.jpg,59
image_02981.jpg,59
image_02992.jpg,59
image_02996.jpg,59
image_02997.jpg,59
image_03003.jpg,59
image_03016.jpg,59
image_03063.jpg,94
image_03065.jpg,94
image_03100.jpg,28
image_03108.jpg,69
image_03111.jpg,96
image_03116.jpg,5
image_03125.jpg,5
image_03128.jpg,86
image_03139.jpg,66
image_03145.jpg,35
image_03157.jpg,5
image_03173.jpg,5
image_03193.jpg,64
image_03222.jpg,64
image_03224.jpg,64
image_03241.jpg,64
image_03250.jpg,64
image_03276.jpg,64
image_03279.jpg,64
image_03313.jpg,80
image_03330.jpg,80
image_03342.jpg,80
image_03349.jpg,80
image_03366.jpg,80
image_03371.jpg,18
image_03383.jpg,55
image_03386.jpg,18
image_03398.jpg,18
image_03400.jpg,18
image_03412.jpg,18
image_03416.jpg,18
image_03420.jpg,66
image_03425.jpg,18
image_03436.jpg,18
image_03437.jpg,18
image_03444.jpg,18
image_03464.jpg,27
image_03467.jpg,26
image_03469.jpg,26
image_03471.jpg,26
image_03475.jpg,26
image_03485.jpg,28
image_03487.jpg,26
image_03530.jpg,26
image_03531.jpg,26
image_03544.jpg,26
image_03559.jpg,72
image_03561.jpg,72
image_03565.jpg,72
image_03568.jpg,72
image_03576.jpg,72
image_03584.jpg,72
image_03587.jpg,72
image_03632.jpg,72
image_03654.jpg,51
image_03655.jpg,51
image_03656.jpg,51
image_03667.jpg,51
image_03668.jpg,43
image_03670.jpg,51
image_03693.jpg,28
image_03702.jpg,51
image_03733.jpg,51
image_03756.jpg,33
image_03765.jpg,33
image_03768.jpg,33
image_03785.jpg,33
image_03810.jpg,33
image_03813.jpg,33
image_03820.jpg,33
image_03822.jpg,33
image_03829.jpg,11
image_03831.jpg,11
image_03834.jpg,11
image_03837.jpg,11
image_03839.jpg,11
image_03842.jpg,11
image_03843.jpg,11
image_03851.jpg,11
image_03854.jpg,11
image_03856.jpg,11
image_03868.jpg,11
image_03876.jpg,66
image_03883.jpg,11
image_03890.jpg,11
image_03907.jpg,11
image_03908.jpg,11
image_03916.jpg,49
image_03917.jpg,49
image_03927.jpg,66
image_03933.jpg,49
image_03937.jpg,49
image_03938.jpg,49
image_03943.jpg,49
image_03946.jpg,49
image_03951.jpg,49
image_03961.jpg,5
image_03974.jpg,49
image_03975.jpg,49
image_03997.jpg,6
image_03998.jpg,6
image_04013.jpg,6
image_04072.jpg,6
image_04080.jpg,6
image_04097.jpg,24
image_04099.jpg,24
image_04103.jpg,24
image_04104.jpg,24
image_04108.jpg,24
image_04116.jpg,24
image_04143.jpg,24
image_04163.jpg,50
image_04172.jpg,50
image_04173.jpg,50
image_04182.jpg,50
image_04191.jpg,50
image_04207.jpg,50
image_04215.jpg,50
image_04225.jpg,50
image_04235.jpg,50
image_04238.jpg,66
image_04248.jpg,9
image_04252.jpg,12
image_04261.jpg,12
image_04263.jpg,12
image_04278.jpg,12
image_04290.jpg,12
image_04299.jpg,50
image_04311.jpg,12
image_04312.jpg,50
image_04315.jpg,12
image_04317.jpg,12
image_04333.jpg,32
image_04350.jpg,32
image_04351.jpg,32
image_04352.jpg,67
image_04354.jpg,69
image_04393.jpg,32
image_04402.jpg,92
image_04403.jpg,92
image_04502.jpg,71
image_04513.jpg,71
image_04517.jpg,71
image_04539.jpg,71
image_04554.jpg,71
image_04578.jpg,37
image_04579.jpg,85
image_04584.jpg,37
image_04596.jpg,37
image_04608.jpg,37
image_04641.jpg,45
image_04652.jpg,45
image_04678.jpg,45
image_04684.jpg,45
image_04687.jpg,45
image_04688.jpg,45
image_04690.jpg,45
image_04691.jpg,45
image_04693.jpg,45
image_04696.jpg,53
image_04702.jpg,53
image_04720.jpg,53
image_04722.jpg,53
image_04734.jpg,53
image_04739.jpg,53
image_04753.jpg,53
image_04760.jpg,53
image_04799.jpg,86
image_04804.jpg,86
image_04809.jpg,86
image_04817.jpg,86
image_04818.jpg,86
image_04829.jpg,66
image_04835.jpg,7
image_04843.jpg,93
image_04844.jpg,93
image_04848.jpg,93
image_04854.jpg,93
image_04872.jpg,93
image_04878.jpg,93
image_04903.jpg,89
image_04913.jpg,15
image_04918.jpg,66
image_04920.jpg,15
image_04927.jpg,75
image_04940.jpg,15
image_04942.jpg,15
image_04957.jpg,44
image_04989.jpg,44
image_05007.jpg,44
image_05034.jpg,57
image_05056.jpg,57
image_05077.jpg,57
image_05086.jpg,57
image_05094.jpg,14
image_05101.jpg,14
image_05124.jpg,14
image_05136.jpg,14
image_05137.jpg,14
image_05142.jpg,14
image_05164.jpg,80
image_05168.jpg,47
image_05188.jpg,47
image_05192.jpg,47
image_05196.jpg,47
image_05199.jpg,47
image_05209.jpg,47
image_05257.jpg,23
image_05258.jpg,23
image_05265.jpg,23
image_05267.jpg,23
image_05272.jpg,23
image_05280.jpg,70
image_05284.jpg,70
image_05289.jpg,70
image_05296.jpg,70
image_05303.jpg,70
image_05321.jpg,70
image_05326.jpg,70
image_05352.jpg,17
image_05361.jpg,17
image_05364.jpg,17
image_05368.jpg,17
image_05376.jpg,17
image_05381.jpg,17
image_05388.jpg,17
image_05398.jpg,17
image_05406.jpg,52
image_05411.jpg,52
image_05415.jpg,52
image_05417.jpg,52
image_05425.jpg,52
image_05426.jpg,52
image_05449.jpg,52
image_05451.jpg,52
image_05452.jpg,52
image_05453.jpg,52
image_05484.jpg,88
image_05487.jpg,88
image_05502.jpg,88
image_05507.jpg,88
image_05508.jpg,88
image_05520.jpg,88
image_05559.jpg,65
image_05560.jpg,65
image_05563.jpg,65
image_05565.jpg,65
image_05577.jpg,65
image_05579.jpg,65
image_05584.jpg,28
image_05598.jpg,28
image_05615.jpg,28
image_05638.jpg,36
image_05657.jpg,53
image_05660.jpg,36
image_05677.jpg,89
image_05680.jpg,53
image_05681.jpg,36
image_05690.jpg,39
image_05701.jpg,39
image_05712.jpg,39
image_05713.jpg,39
image_05723.jpg,39
image_05735.jpg,39
image_05749.jpg,7
image_05759.jpg,7
image_05763.jpg,7
image_05772.jpg,7
image_05783.jpg,7
image_05819.jpg,31
image_05829.jpg,34
image_05830.jpg,34
image_05845.jpg,73
image_05853.jpg,62
image_05857.jpg,62
image_05861.jpg,62
image_05867.jpg,62
image_05871.jpg,62
image_05876.jpg,62
image_05894.jpg,62
image_05898.jpg,62
image_05904.jpg,67
image_05908.jpg,67
image_05915.jpg,66
image_05916.jpg,67
image_05919.jpg,67
image_05924.jpg,67
image_05926.jpg,67
image_05932.jpg,67
image_05958.jpg,68
image_05984.jpg,68
image_05992.jpg,68
image_05993.jpg,68
image_06008.jpg,46
image_06024.jpg,95
image_06044.jpg,95
image_06048.jpg,95
image_06082.jpg,8
image_06098.jpg,63
image_06123.jpg,63
image_06126.jpg,63
image_06129.jpg,63
image_06141.jpg,63
image_06158.jpg,13
image_06165.jpg,13
image_06187.jpg,13
image_06195.jpg,13
image_06209.jpg,46
image_06210.jpg,46
image_06216.jpg,46
image_06222.jpg,46
image_06228.jpg,46
image_06230.jpg,46
image_06235.jpg,46
image_06240.jpg,46
image_06259.jpg,60
image_06261.jpg,60
image_06273.jpg,60
image_06292.jpg,60
image_06293.jpg,60
image_06296.jpg,33
image_06305.jpg,48
image_06311.jpg,48
image_06324.jpg,48
image_06331.jpg,48
image_06346.jpg,9
image_06353.jpg,9
image_06354.jpg,9
image_06358.jpg,9
image_06385.jpg,9
image_06386.jpg,9
image_06389.jpg,9
image_06398.jpg,91
image_06414.jpg,91
image_06420.jpg,91
image_06441.jpg,29
image_06443.jpg,29
image_06444.jpg,29
image_06455.jpg,29
image_06468.jpg,29
image_06481.jpg,29
image_06485.jpg,29
image_06501.jpg,21
image_06506.jpg,21
image_06516.jpg,21
image_06528.jpg,48
image_06534.jpg,48
image_06544.jpg,48
image_06550.jpg,48
image_06552.jpg,48
image_06558.jpg,48
image_06562.jpg,48
image_06572.jpg,20
image_06584.jpg,20
image_06621.jpg,25
image_06631.jpg,25
image_06671.jpg,10
image_06691.jpg,10
image_06695.jpg,79
image_06707.jpg,79
image_06718.jpg,79
image_06728.jpg,79
image_06739.jpg,0
image_06749.jpg,0
image_06755.jpg,0
image_06756.jpg,0
image_06758.jpg,0
image_06763.jpg,0
image_06765.jpg,0
image_06769.jpg,0
image_06778.jpg,16
image_06784.jpg,16
image_06788.jpg,16
image_06804.jpg,16
image_06814.jpg,19
image_06818.jpg,19
image_06819.jpg,19
image_06836.jpg,19
image_06847.jpg,19
image_06868.jpg,22
image_06905.jpg,27
image_06939.jpg,30
image_06949.jpg,30
image_06950.jpg,30
image_06955.jpg,30
image_06959.jpg,30
image_06963.jpg,30
image_06964.jpg,30
image_06977.jpg,31
image_06978.jpg,31
image_07004.jpg,31
image_07005.jpg,31
image_07013.jpg,35
image_07036.jpg,66
image_07039.jpg,35
image_07075.jpg,66
image_07083.jpg,66
image_07094.jpg,1
image_07101.jpg,1
image_07102.jpg,1
image_07107.jpg,1
image_07127.jpg,42
image_07137.jpg,66
image_07155.jpg,42
image_07160.jpg,42
image_07216.jpg,69
image_07239.jpg,55
image_07247.jpg,55
image_07254.jpg,55
image_07255.jpg,55
image_07262.jpg,55
image_07271.jpg,61
image_07302.jpg,95
image_07303.jpg,96
image_07317.jpg,96
image_07325.jpg,96
image_07360.jpg,96
image_07372.jpg,96
image_07381.jpg,96
image_07382.jpg,96
image_07385.jpg,96
image_07392.jpg,73
image_07393.jpg,96
image_07408.jpg,96
image_07418.jpg,96
image_07428.jpg,96
image_07435.jpg,96
image_07449.jpg,96
image_07471.jpg,97
image_07475.jpg,97
image_07484.jpg,97
image_07485.jpg,97
image_07502.jpg,97
image_07510.jpg,97
image_07512.jpg,97
image_07513.jpg,97
image_07575.jpg,97
image_07580.jpg,97
image_07581.jpg,97
image_07585.jpg,97
image_07588.jpg,97
image_07605.jpg,98
image_07609.jpg,98
image_07613.jpg,78
image_07653.jpg,98
image_07656.jpg,66
image_07658.jpg,98
image_07662.jpg,98
image_07669.jpg,98
image_07670.jpg,98
image_07677.jpg,98
image_07697.jpg,81
image_07699.jpg,99
image_07718.jpg,99
image_07723.jpg,99
image_07727.jpg,99
image_07739.jpg,99
image_07745.jpg,99
image_07757.jpg,100
image_07764.jpg,100
image_07766.jpg,100
image_07769.jpg,100
image_07778.jpg,100
image_07792.jpg,100
image_07796.jpg,100
image_07810.jpg,100
image_07820.jpg,100
image_07827.jpg,100
image_07860.jpg,101
image_07862.jpg,101
image_07869.jpg,101
image_07873.jpg,101
image_07875.jpg,101
image_07895.jpg,2
image_07904.jpg,2
image_07905.jpg,2
image_07917.jpg,2
image_07929.jpg,2
image_07931.jpg,2
image_07951.jpg,3
image_07962.jpg,3
image_07963.jpg,5
image_07970.jpg,3
image_07985.jpg,3
image_08002.jpg,4
image_08006.jpg,4
image_08014.jpg,4
image_08038.jpg,4
image_08040.jpg,4
image_08041.jpg,4
image_08059.jpg,93
image_08063.jpg,101
image_08067.jpg,27
image_08105.jpg,58
image_08113.jpg,95
image_08145.jpg,55
image_08155.jpg,66
image_08171.jpg,61
